{"cameraMode":{"drawMode":0,"name":"Shaded","section":"Shading Mode"},"sceneLighting":false,"audioPlay":false,"sceneViewState":{"m_AlwaysRefresh":false,"showFog":false,"showSkybox":false,"showFlares":false,"showImageEffects":false,"showParticleSystems":false,"showVisualEffectGraphs":false,"m_FxEnabled":true},"in2DMode":false,"pivot":{"x":-0.07185804843902588,"y":0.2789878845214844,"z":0.11650335788726807},"rotation":{"x":-0.056248411536216739,"y":0.8642717003822327,"z":-0.09922701120376587,"w":-0.4899253845214844},"size":2.744107484817505,"orthographic":false}